id,name,link
24867,الهه حجازی,/profile/24867-%d8%a7%d9%84%d9%87%d9%87-%d8%ad%d8%ac%d8%a7%d8%b2%db%8c
33130,فاریا جنیدی,/profile/33130-%d9%81%d8%a7%d8%b1%db%8c%d8%a7-%d8%ac%d9%86%db%8c%d8%af%db%8c
14441,مهرداد تویسرکانی,/profile/14441-mehrdad-tuyserkani
569,فروغ پوریاوری,/profile/569-fourough-pouryavari
43843,مصطفی امیری,/profile/43843-mostafa-amiri
4702,مرتضی ثاقب فر,/profile/4702-morteza-sagheb-far
32803,ابراهیم توبه یانی,/profile/32803-%d8%a7%d8%a8%d8%b1%d8%a7%d9%87%db%8c%d9%85-%d8%aa%d9%88%d8%a8%d9%87-%db%8c%d8%a7%d9%86%db%8c
2634,کتایون سلطانی,/profile/2634-katayoun-soltani
30543,فاطمه رحیمی,/profile/30543-%d9%81%d8%a7%d8%b7%d9%85%d9%87-%d8%b1%d8%ad%db%8c%d9%85%db%8c
5746,تورج یاراحمدی,/profile/5746-%d8%aa%d9%88%d8%b1%d8%ac-%db%8c%d8%a7%d8%b1%d8%a7%d8%ad%d9%85%d8%af%db%8c
442,ماندانا قهرمانلو,/profile/442-%d9%85%d8%a7%d9%86%d8%af%d8%a7%d9%86%d8%a7-%d9%82%d9%87%d8%b1%d9%85%d8%a7%d9%86%d9%84%d9%88
23745,شادی دبیری,/profile/23745-%d8%b4%d8%a7%d8%af%db%8c-%d8%af%d8%a8%db%8c%d8%b1%db%8c
54924,مهدیه ملانوری شمسی,/profile/54924-%d9%85%d9%87%d8%af%db%8c%d9%87-%d9%85%d9%84%d8%a7%d9%86%d9%88%d8%b1%db%8c-%d8%b4%d9%85%d8%b3%db%8c
31863,مجموعه ی مترجمان,/profile/31863-group-of-translators
51963,حافظ بهزادی نژاد,/profile/51963-%d8%ad%d8%a7%d9%81%d8%b8-%d8%a8%d9%87%d8%b2%d8%a7%d8%af%db%8c-%d9%86%da%98%d8%a7%d8%af
639,آرزو احمی,/profile/639-arezoo-ahmi
15472,محمود سالک,/profile/15472-%d9%85%d8%ad%d9%85%d9%88%d8%af-%d8%b3%d8%a7%d9%84%da%a9
28889,سهند ستاری,/profile/28889-%d8%b3%d9%87%d9%86%d8%af-%d8%b3%d8%aa%d8%a7%d8%b1%db%8c
5308,لیلا کاشانی وحید,/profile/5308-%d9%84%db%8c%d9%84%d8%a7-%da%a9%d8%a7%d8%b4%d8%a7%d9%86%db%8c-%d9%88%d8%ad%db%8c%d8%af
3587,جلال ستاری,/profile/3587-jalal-sattari
52172,مجتبی تقوی,/profile/52172-%d9%85%d8%ac%d8%aa%d8%a8%db%8c-%d8%aa%d9%82%d9%88%db%8c
5941,فارس باقری,/profile/5941-%d9%81%d8%a7%d8%b1%d8%b3-%d8%a8%d8%a7%d9%82%d8%b1%db%8c
21664,حسین اسماعیلی,/profile/21664-hossein-esmaeili
5066,عبدالوهاب احمدی,/profile/5066-%d8%b9%d8%a8%d8%af%d8%a7%d9%84%d9%88%d9%87%d8%a7%d8%a8-%d8%a7%d8%ad%d9%85%d8%af%db%8c
14649,نیلوفر اکبری,/profile/14649-%d9%86%db%8c%d9%84%d9%88%d9%81%d8%b1-%d8%a7%da%a9%d8%a8%d8%b1%db%8c
818,رامین رامبد,/profile/818-ramin-rambod
8749,محمدجواد کمالی,/profile/8749-%d9%85%d8%ad%d9%85%d8%af%d8%ac%d9%88%d8%a7%d8%af-%da%a9%d9%85%d8%a7%d9%84%db%8c
50245,جواد وحیدی,/profile/50245-%d8%ac%d9%88%d8%a7%d8%af-%d9%88%d8%ad%db%8c%d8%af%db%8c
51242,محمد رحیمی,/profile/51242-%d9%85%d8%ad%d9%85%d8%af-%d8%b1%d8%ad%db%8c%d9%85%db%8c
35003,مهرنوش بهمئی,/profile/35003-%d9%85%d9%87%d8%b1%d9%86%d9%88%d8%b4-%d8%a8%d9%87%d9%85%d8%a6%db%8c
8267,نیما فرحی,/profile/8267-%d9%86%db%8c%d9%85%d8%a7-%d9%81%d8%b1%d8%ad%db%8c
3543,اکرم کرمی,/profile/3543-akram-karami
1011,علی صاحبی (۱۳۴۳),/profile/1011-ali-sahebi
6375,آنا مارچینوفسکا,/profile/6375-%d8%a2%d9%86%d8%a7-%d9%85%d8%a7%d8%b1%da%86%db%8c%d9%86%d9%88%d9%81%d8%b3%da%a9%d8%a7
7694,پارسا بامشادی,/profile/7694-parsa-bamshadi
7535,اشکان صالحی,/profile/7535-%d8%a7%d8%b4%da%a9%d8%a7%d9%86-%d8%b5%d8%a7%d9%84%d8%ad%db%8c
660,مهدی قراچه داغی,/profile/660-mehdi-gharahchedaghi
37922,نگین رمضانی,/profile/37922-%d9%86%da%af%db%8c%d9%86-%d8%b1%d9%85%d8%b6%d8%a7%d9%86%db%8c
10537,سحر امین,/profile/10537-%d8%b3%d8%ad%d8%b1-%d8%a7%d9%85%db%8c%d9%86
378,قاسم صنعوی,/profile/378-%d9%82%d8%a7%d8%b3%d9%85-%d8%b5%d9%86%d8%b9%d9%88%db%8c
25114,حسین مسنن فارسی,/profile/25114-%d8%ad%d8%b3%db%8c%d9%86-%d9%85%d8%b3%d9%86%d9%86-%d9%81%d8%a7%d8%b1%d8%b3%db%8c
25423,سمیه کاظمیان,/profile/25423-%d8%b3%d9%85%db%8c%d9%87-%da%a9%d8%a7%d8%b8%d9%85%db%8c%d8%a7%d9%86
3090,سعید قدوسی نژاد,/profile/3090-%d8%b3%d8%b9%db%8c%d8%af-%d9%82%d8%af%d9%88%d8%b3%db%8c-%d9%86%da%98%d8%a7%d8%af
3260,ابوالفضل حقیری قزوینی,/profile/3260-%d8%a7%d8%a8%d9%88%d8%a7%d9%84%d9%81%d8%b6%d9%84-%d8%ad%d9%82%db%8c%d8%b1%db%8c-%d9%82%d8%b2%d9%88%db%8c%d9%86%db%8c
34974,امیر علم بیگی,/profile/34974-%d8%a7%d9%85%db%8c%d8%b1-%d8%b9%d9%84%d9%85-%d8%a8%db%8c%da%af%db%8c
2231,عادل مشایخی,/profile/2231-adel-mashayekhi
3126,فاطمه جوادی,/profile/3126-%d9%81%d8%a7%d8%b7%d9%85%d9%87-%d8%ac%d9%88%d8%a7%d8%af%db%8c
48144,فاطمه محمودنژاد,/profile/48144-%d9%81%d8%a7%d8%b7%d9%85%d9%87-%d9%85%d8%ad%d9%85%d9%88%d8%af%d9%86%da%98%d8%a7%d8%af
8325,علی اصغر حلبی,/profile/8325-ali-asghar-halabi
5144,نیلوفر رحمانیان,/profile/5144-%d9%86%db%8c%d9%84%d9%88%d9%81%d8%b1-%d8%b1%d8%ad%d9%85%d8%a7%d9%86%db%8c%d8%a7%d9%86
3067,میثم محمدامینی,/profile/3067-%d9%85%db%8c%d8%ab%d9%85-%d9%85%d8%ad%d9%85%d8%af%d8%a7%d9%85%db%8c%d9%86%db%8c
228,کیومرث پارسای,/profile/228-%da%a9%db%8c%d9%88%d9%85%d8%b1%d8%ab-%d9%be%d8%a7%d8%b1%d8%b3%d8%a7%db%8c
4960,جمیل آریایی,/profile/4960-%d8%ac%d9%85%db%8c%d9%84-%d8%a2%d8%b1%db%8c%d8%a7%db%8c%db%8c
4927,جلال الدین مجتبوی,/profile/4927-%d8%ac%d9%84%d8%a7%d9%84-%d8%a7%d9%84%d8%af%db%8c%d9%86-%d9%85%d8%ac%d8%aa%d8%a8%d9%88%db%8c
752,اصغر اندرودی,/profile/752-asghar-androudi
66553,سیستانا محمودی,/profile/66553-%d8%b3%db%8c%d8%b3%d8%aa%d8%a7%d9%86%d8%a7-%d9%85%d8%ad%d9%85%d9%88%d8%af%db%8c
6874,نجمه فرشی,/profile/6874-%d9%86%d8%ac%d9%85%d9%87-%d9%81%d8%b1%d8%b4%db%8c
4513,مریم وتر,/profile/4513-%d9%85%d8%b1%db%8c%d9%85-%d9%88%d8%aa%d8%b1
10054,احمد عظیمی بلوریان,/profile/10054-%d8%a7%d8%ad%d9%85%d8%af-%d8%b9%d8%b8%db%8c%d9%85%db%8c-%d8%a8%d9%84%d9%88%d8%b1%db%8c%d8%a7%d9%86
2430,مسعود علیا,/profile/2430-maoud-oliya
51188,سید حسن صدوق,/profile/51188-%d8%b3%db%8c%d8%af-%d8%ad%d8%b3%d9%86-%d8%b5%d8%af%d9%88%d9%82
9504,گیله گل بهروزان,/profile/9504-%da%af%db%8c%d9%84%d9%87-%da%af%d9%84-%d8%a8%d9%87%d8%b1%d9%88%d8%b2%d8%a7%d9%86
46062,سحر دولتشاهی,/profile/46062-%d8%b3%d8%ad%d8%b1-%d8%af%d9%88%d9%84%d8%aa%d8%b4%d8%a7%d9%87%db%8c
1027,محمدرضا آل یاسین,/profile/1027-mohamadreza-al-yasin
44544,گامایون,/profile/44544-%da%af%d8%a7%d9%85%d8%a7%db%8c%d9%88%d9%86
22156,علی پریشانی,/profile/22156-%d8%b9%d9%84%db%8c-%d9%be%d8%b1%db%8c%d8%b4%d8%a7%d9%86%db%8c
3274,مجموعه ی نویسندگان,/profile/3274-group-of-authors
28000,فرهاد دشتکی نیا,/profile/28000-farhad-dashtaki-nia
1026,مهسار مشتاق,/profile/1026-mahsar-moshtagh
17037,سعید زرگریان,/profile/17037-%d8%b3%d8%b9%db%8c%d8%af-%d8%b2%d8%b1%da%af%d8%b1%db%8c%d8%a7%d9%86
44117,کیوان فیض اللهی,/profile/44117-%da%a9%db%8c%d9%88%d8%a7%d9%86-%d9%81%db%8c%d8%b6-%d8%a7%d9%84%d9%84%d9%87%db%8c
15894,علیرضا طهماسب,/profile/15894-%d8%b9%d9%84%db%8c%d8%b1%d8%b6%d8%a7-%d8%b7%d9%87%d9%85%d8%a7%d8%b3%d8%a8
2920,فروغ مهرزاد,/profile/2920-%d9%81%d8%b1%d9%88%d8%ba-%d9%85%d9%87%d8%b1%d8%b2%d8%a7%d8%af
257,مهشید میرمعزی,/profile/257-%d9%85%d9%87%d8%b4%db%8c%d8%af-%d9%85%db%8c%d8%b1%d9%85%d8%b9%d8%b2%db%8c
34275,سید محمدعلی بهروزی,/profile/34275-%d8%b3%db%8c%d8%af-%d9%85%d8%ad%d9%85%d8%af%d8%b9%d9%84%db%8c-%d8%a8%d9%87%d8%b1%d9%88%d8%b2%db%8c
27000,نیلوفر صادقی,/profile/27000-%d9%86%db%8c%d9%84%d9%88%d9%81%d8%b1-%d8%b5%d8%a7%d8%af%d9%82%db%8c
10146,فرنوش اولاد,/profile/10146-%d9%81%d8%b1%d9%86%d9%88%d8%b4-%d8%a7%d9%88%d9%84%d8%a7%d8%af
22563,ترانه بهبهانی,/profile/22563-%d8%aa%d8%b1%d8%a7%d9%86%d9%87-%d8%a8%d9%87%d8%a8%d9%87%d8%a7%d9%86%db%8c
3031,یاسین قاسمی بجد,/profile/3031-%db%8c%d8%a7%d8%b3%db%8c%d9%86-%d9%82%d8%a7%d8%b3%d9%85%db%8c-%d8%a8%d8%ac%d8%af
2756,سیما فرجی,/profile/2756-%d8%b3%db%8c%d9%85%d8%a7-%d9%81%d8%b1%d8%ac%db%8c
2775,احمد روستا,/profile/2775-%d8%a7%d8%ad%d9%85%d8%af-%d8%b1%d9%88%d8%b3%d8%aa%d8%a7
11572,محمدرضا ابراهیمی,/profile/11572-%d9%85%d8%ad%d9%85%d8%af%d8%b1%d8%b6%d8%a7-%d8%a7%d8%a8%d8%b1%d8%a7%d9%87%db%8c%d9%85%db%8c
16087,پری منصوری,/profile/16087-%d9%be%d8%b1%db%8c-%d9%85%d9%86%d8%b5%d9%88%d8%b1%db%8c
5930,محمد آقاجری,/profile/5930-%d9%85%d8%ad%d9%85%d8%af-%d8%a2%d9%82%d8%a7%d8%ac%d8%b1%db%8c
7024,مرتضی عابدینی فرد,/profile/7024-%d9%85%d8%b1%d8%aa%d8%b6%db%8c-%d8%b9%d8%a7%d8%a8%d8%af%db%8c%d9%86%db%8c-%d9%81%d8%b1%d8%af
31341,الهام نوجوان,/profile/31341-%d8%a7%d9%84%d9%87%d8%a7%d9%85-%d9%86%d9%88%d8%ac%d9%88%d8%a7%d9%86
4502,بامداد صالحی,/profile/4502-%d8%a8%d8%a7%d9%85%d8%af%d8%a7%d8%af-%d8%b5%d8%a7%d9%84%d8%ad%db%8c
25141,پیام مقیم اسلام,/profile/25141-%d9%be%db%8c%d8%a7%d9%85-%d9%85%d9%82%db%8c%d9%85-%d8%a7%d8%b3%d9%84%d8%a7%d9%85
12989,گلناز ملک,/profile/12989-%da%af%d9%84%d9%86%d8%a7%d8%b2-%d9%85%d9%84%da%a9
30081,فرشاد مشفقی,/profile/30081-%d9%81%d8%b1%d8%b4%d8%a7%d8%af-%d9%85%d8%b4%d9%81%d9%82%db%8c
14961,محمود تفضلی,/profile/14961-%d9%85%d8%ad%d9%85%d9%88%d8%af-%d8%aa%d9%81%d8%b6%d9%84%db%8c
31420,بنفشه رسولیان,/profile/31420-%d8%a8%d9%86%d9%81%d8%b4%d9%87-%d8%b1%d8%b3%d9%88%d9%84%db%8c%d8%a7%d9%86
53266,امیرحسین میرزائیان,/profile/53266-%d8%a7%d9%85%db%8c%d8%b1%d8%ad%d8%b3%db%8c%d9%86-%d9%85%db%8c%d8%b1%d8%b2%d8%a7%d8%a6%db%8c%d8%a7%d9%86
4026,مریم سپهری,/profile/4026-%d9%85%d8%b1%db%8c%d9%85-%d8%b3%d9%be%d9%87%d8%b1%db%8c
4025,مهین کاظمی,/profile/4025-%d9%85%d9%87%db%8c%d9%86-%da%a9%d8%a7%d8%b8%d9%85%db%8c
2461,الهام دارچینیان,/profile/2461-elham-darchinian
7963,نازنین عرب,/profile/7963-%d9%86%d8%a7%d8%b2%d9%86%db%8c%d9%86-%d8%b9%d8%b1%d8%a8
17281,مریم محمدخواه,/profile/17281-%d9%85%d8%b1%db%8c%d9%85-%d9%85%d8%ad%d9%85%d8%af%d8%ae%d9%88%d8%a7%d9%87
350,ناصر زاهدی,/profile/350-%d9%86%d8%a7%d8%b5%d8%b1-%d8%b2%d8%a7%d9%87%d8%af%db%8c
26423,محمد عمار مفید,/profile/26423-%d9%85%d8%ad%d9%85%d8%af-%d8%b9%d9%85%d8%a7%d8%b1-%d9%85%d9%81%db%8c%d8%af
27357,حمیدرضا گرشاسبی,/profile/27357-%d8%ad%d9%85%db%8c%d8%af%d8%b1%d8%b6%d8%a7-%da%af%d8%b1%d8%b4%d8%a7%d8%b3%d8%a8%db%8c
8031,پیمان چهرازی,/profile/8031-%d9%be%db%8c%d9%85%d8%a7%d9%86-%da%86%d9%87%d8%b1%d8%a7%d8%b2%db%8c
5736,مهناز ایلدرمی,/profile/5736-%d9%85%d9%87%d9%86%d8%a7%d8%b2-%d8%a7%db%8c%d9%84%d8%af%d8%b1%d9%85%db%8c
19935,آزاده جعفری,/profile/19935-%d8%a2%d8%b2%d8%a7%d8%af%d9%87-%d8%ac%d8%b9%d9%81%d8%b1%db%8c
4459,اسماعیل سعادت,/profile/4459-%d8%a7%d8%b3%d9%85%d8%a7%d8%b9%db%8c%d9%84-%d8%b3%d8%b9%d8%a7%d8%af%d8%aa
