id,name,link
569,فروغ پوریاوری,/profile/569-fourough-pouryavari
2634,کتایون سلطانی,/profile/2634-katayoun-soltani
32803,ابراهیم توبه یانی,/profile/32803-%d8%a7%d8%a8%d8%b1%d8%a7%d9%87%db%8c%d9%85-%d8%aa%d9%88%d8%a8%d9%87-%db%8c%d8%a7%d9%86%db%8c
14441,مهرداد تویسرکانی,/profile/14441-mehrdad-tuyserkani
4702,مرتضی ثاقب فر,/profile/4702-morteza-sagheb-far
24867,الهه حجازی,/profile/24867-%d8%a7%d9%84%d9%87%d9%87-%d8%ad%d8%ac%d8%a7%d8%b2%db%8c
30543,فاطمه رحیمی,/profile/30543-%d9%81%d8%a7%d8%b7%d9%85%d9%87-%d8%b1%d8%ad%db%8c%d9%85%db%8c
33130,فاریا جنیدی,/profile/33130-%d9%81%d8%a7%d8%b1%db%8c%d8%a7-%d8%ac%d9%86%db%8c%d8%af%db%8c
43843,مصطفی امیری,/profile/43843-mostafa-amiri
5746,تورج یاراحمدی,/profile/5746-%d8%aa%d9%88%d8%b1%d8%ac-%db%8c%d8%a7%d8%b1%d8%a7%d8%ad%d9%85%d8%af%db%8c
442,ماندانا قهرمانلو,/profile/442-%d9%85%d8%a7%d9%86%d8%af%d8%a7%d9%86%d8%a7-%d9%82%d9%87%d8%b1%d9%85%d8%a7%d9%86%d9%84%d9%88
23745,شادی دبیری,/profile/23745-%d8%b4%d8%a7%d8%af%db%8c-%d8%af%d8%a8%db%8c%d8%b1%db%8c
54924,مهدیه ملانوری شمسی,/profile/54924-%d9%85%d9%87%d8%af%db%8c%d9%87-%d9%85%d9%84%d8%a7%d9%86%d9%88%d8%b1%db%8c-%d8%b4%d9%85%d8%b3%db%8c
31863,مجموعه ی مترجمان,/profile/31863-group-of-translators
51963,حافظ بهزادی نژاد,/profile/51963-%d8%ad%d8%a7%d9%81%d8%b8-%d8%a8%d9%87%d8%b2%d8%a7%d8%af%db%8c-%d9%86%da%98%d8%a7%d8%af
639,آرزو احمی,/profile/639-arezoo-ahmi
15472,محمود سالک,/profile/15472-%d9%85%d8%ad%d9%85%d9%88%d8%af-%d8%b3%d8%a7%d9%84%da%a9
28889,سهند ستاری,/profile/28889-%d8%b3%d9%87%d9%86%d8%af-%d8%b3%d8%aa%d8%a7%d8%b1%db%8c
5308,لیلا کاشانی وحید,/profile/5308-%d9%84%db%8c%d9%84%d8%a7-%da%a9%d8%a7%d8%b4%d8%a7%d9%86%db%8c-%d9%88%d8%ad%db%8c%d8%af
3587,جلال ستاری,/profile/3587-jalal-sattari
52172,مجتبی تقوی,/profile/52172-%d9%85%d8%ac%d8%aa%d8%a8%db%8c-%d8%aa%d9%82%d9%88%db%8c
5941,فارس باقری,/profile/5941-%d9%81%d8%a7%d8%b1%d8%b3-%d8%a8%d8%a7%d9%82%d8%b1%db%8c
21664,حسین اسماعیلی,/profile/21664-hossein-esmaeili
5066,عبدالوهاب احمدی,/profile/5066-%d8%b9%d8%a8%d8%af%d8%a7%d9%84%d9%88%d9%87%d8%a7%d8%a8-%d8%a7%d8%ad%d9%85%d8%af%db%8c
818,رامین رامبد,/profile/818-ramin-rambod
14649,نیلوفر اکبری,/profile/14649-%d9%86%db%8c%d9%84%d9%88%d9%81%d8%b1-%d8%a7%da%a9%d8%a8%d8%b1%db%8c
8749,محمدجواد کمالی,/profile/8749-%d9%85%d8%ad%d9%85%d8%af%d8%ac%d9%88%d8%a7%d8%af-%da%a9%d9%85%d8%a7%d9%84%db%8c
35003,مهرنوش بهمئی,/profile/35003-%d9%85%d9%87%d8%b1%d9%86%d9%88%d8%b4-%d8%a8%d9%87%d9%85%d8%a6%db%8c
50245,جواد وحیدی,/profile/50245-%d8%ac%d9%88%d8%a7%d8%af-%d9%88%d8%ad%db%8c%d8%af%db%8c
51242,محمد رحیمی,/profile/51242-%d9%85%d8%ad%d9%85%d8%af-%d8%b1%d8%ad%db%8c%d9%85%db%8c
8267,نیما فرحی,/profile/8267-%d9%86%db%8c%d9%85%d8%a7-%d9%81%d8%b1%d8%ad%db%8c
6375,آنا مارچینوفسکا,/profile/6375-%d8%a2%d9%86%d8%a7-%d9%85%d8%a7%d8%b1%da%86%db%8c%d9%86%d9%88%d9%81%d8%b3%da%a9%d8%a7
3543,اکرم کرمی,/profile/3543-akram-karami
1011,علی صاحبی (۱۳۴۳),/profile/1011-ali-sahebi
7694,پارسا بامشادی,/profile/7694-parsa-bamshadi
7535,اشکان صالحی,/profile/7535-%d8%a7%d8%b4%da%a9%d8%a7%d9%86-%d8%b5%d8%a7%d9%84%d8%ad%db%8c
660,مهدی قراچه داغی,/profile/660-mehdi-gharahchedaghi
37922,نگین رمضانی,/profile/37922-%d9%86%da%af%db%8c%d9%86-%d8%b1%d9%85%d8%b6%d8%a7%d9%86%db%8c
10537,سحر امین,/profile/10537-%d8%b3%d8%ad%d8%b1-%d8%a7%d9%85%db%8c%d9%86
378,قاسم صنعوی,/profile/378-%d9%82%d8%a7%d8%b3%d9%85-%d8%b5%d9%86%d8%b9%d9%88%db%8c
25423,سمیه کاظمیان,/profile/25423-%d8%b3%d9%85%db%8c%d9%87-%da%a9%d8%a7%d8%b8%d9%85%db%8c%d8%a7%d9%86
25114,حسین مسنن فارسی,/profile/25114-%d8%ad%d8%b3%db%8c%d9%86-%d9%85%d8%b3%d9%86%d9%86-%d9%81%d8%a7%d8%b1%d8%b3%db%8c
2231,عادل مشایخی,/profile/2231-adel-mashayekhi
3126,فاطمه جوادی,/profile/3126-%d9%81%d8%a7%d8%b7%d9%85%d9%87-%d8%ac%d9%88%d8%a7%d8%af%db%8c
3090,سعید قدوسی نژاد,/profile/3090-%d8%b3%d8%b9%db%8c%d8%af-%d9%82%d8%af%d9%88%d8%b3%db%8c-%d9%86%da%98%d8%a7%d8%af
34974,امیر علم بیگی,/profile/34974-%d8%a7%d9%85%db%8c%d8%b1-%d8%b9%d9%84%d9%85-%d8%a8%db%8c%da%af%db%8c
3260,ابوالفضل حقیری قزوینی,/profile/3260-%d8%a7%d8%a8%d9%88%d8%a7%d9%84%d9%81%d8%b6%d9%84-%d8%ad%d9%82%db%8c%d8%b1%db%8c-%d9%82%d8%b2%d9%88%db%8c%d9%86%db%8c
48144,فاطمه محمودنژاد,/profile/48144-%d9%81%d8%a7%d8%b7%d9%85%d9%87-%d9%85%d8%ad%d9%85%d9%88%d8%af%d9%86%da%98%d8%a7%d8%af
8325,علی اصغر حلبی,/profile/8325-ali-asghar-halabi
